Order,Position,Conservation Score
Brassicales,1,0.384
Brassicales,2,0.9
Brassicales,3,2.633
Brassicales,4,1.513
Brassicales,5,-0.746
Brassicales,6,0.31
Brassicales,7,0.042
Brassicales,8,-0.746
Brassicales,9,-0.746
Brassicales,10,3.477
Brassicales,11,-0.577
Brassicales,12,-0.746
Brassicales,13,-0.746
Brassicales,14,0.024
Brassicales,15,1.138
Brassicales,16,-0.554
Brassicales,17,-0.407
Brassicales,18,1.852
Brassicales,19,-0.746
Brassicales,20,-0.423
Brassicales,21,-0.746
Brassicales,22,1.204
Brassicales,23,0.092
Brassicales,24,-0.38
Brassicales,25,-0.224
Brassicales,26,-0.523
Brassicales,27,-0.746
Brassicales,28,-0.391
Brassicales,29,1.544
Brassicales,30,-0.014
Brassicales,31,-0.746
Brassicales,32,0.022
Brassicales,33,0.521
Brassicales,34,1.361
Brassicales,35,-0.746
Brassicales,36,-0.746
Brassicales,37,-0.564
Brassicales,38,-0.746
Brassicales,39,-0.567
Brassicales,40,-0.746
Brassicales,41,-0.746
Brassicales,42,0.003
Brassicales,43,-0.746
Brassicales,44,-0.746
Brassicales,45,0.764
Brassicales,46,-0.149
Brassicales,47,-0.395
Brassicales,48,-0.746
Brassicales,49,-0.746
Brassicales,50,-0.161
Brassicales,51,-0.746
Brassicales,52,0.582
Brassicales,53,0.295
Brassicales,54,-0.746
Brassicales,55,3.784
Brassicales,56,-0.498
Brassicales,57,0.06
Brassicales,58,-0.746
Brassicales,59,-0.746
Brassicales,60,1.842
Brassicales,61,-0.746
Brassicales,62,-0.128
Brassicales,63,-0.387
Brassicales,64,-0.746
Brassicales,65,-0.426
Brassicales,66,0.72
Brassicales,67,-0.746
Brassicales,68,0.652
Brassicales,69,-0.746
Brassicales,70,-0.424
Brassicales,71,-0.558
Brassicales,72,1.29
Brassicales,73,-0.746
Brassicales,74,-0.746
Brassicales,75,-0.746
Brassicales,76,-0.746
Brassicales,77,-0.746
Brassicales,78,-0.746
Brassicales,79,-0.57
Brassicales,80,-0.58
Brassicales,81,-0.746
Brassicales,82,0.731
Brassicales,83,-0.003
Brassicales,84,0.052
Brassicales,85,-0.746
Brassicales,86,1.791
Brassicales,87,-0.746
Brassicales,88,-0.746
Brassicales,89,1.161
Brassicales,90,0.3
Brassicales,91,-0.543
Brassicales,92,-0.746
Brassicales,93,0.574
Brassicales,94,-0.306
Brassicales,95,0.484
Brassicales,96,-0.494
Brassicales,97,-0.393
Brassicales,98,-0.562
Brassicales,99,-0.284
Brassicales,100,0.393
Brassicales,101,0.419
Brassicales,102,-0.394
Brassicales,103,0.294
Brassicales,104,2.023
Brassicales,105,-0.746
Brassicales,106,2.113
Brassicales,107,-0.746
Brassicales,108,-0.746
Brassicales,109,-0.746
Brassicales,110,0.931
Brassicales,111,-0.561
Brassicales,112,-0.746
Brassicales,113,-0.408
Brassicales,114,0.777
Brassicales,115,0.334
Brassicales,116,-0.107
Brassicales,117,0.124
Brassicales,118,-0.746
Brassicales,119,0.386
Brassicales,120,0.009
Brassicales,121,0.855
Brassicales,122,0.425
Brassicales,123,-0.386
Brassicales,124,-0.017
Brassicales,125,-0.746
Brassicales,126,-0.387
Brassicales,127,-0.503
Brassicales,128,0.823
Brassicales,129,-0.746
Brassicales,130,-0.387
Brassicales,131,-0.746
Brassicales,132,0.231
Brassicales,133,-0.384
Brassicales,134,0.531
Brassicales,135,0.806
Brassicales,136,-0.081
Brassicales,137,0.703
Brassicales,138,-0.121
Brassicales,139,-0.131
Brassicales,140,-0.746
Brassicales,141,0.077
Brassicales,142,-0.081
Brassicales,143,2.044
Brassicales,144,-0.18
Brassicales,145,-0.746
Brassicales,146,0.356
Brassicales,147,0.619
Brassicales,148,0.679
Brassicales,149,-0.746
Brassicales,150,2.813
Brassicales,151,0.79
Brassicales,152,0.889
Brassicales,153,-0.746
Brassicales,154,-0.363
Brassicales,155,-0.746
Brassicales,156,-0.746
Brassicales,157,-0.746
Brassicales,158,2.132
Brassicales,159,-0.157
Brassicales,160,-0.746
Brassicales,161,0.921
Brassicales,162,-0.217
Brassicales,163,-0.101
Brassicales,164,-0.746
Brassicales,165,-0.062
Brassicales,166,-0.746
Brassicales,167,-0.337
Brassicales,168,-0.321
Brassicales,169,-0.746
Brassicales,170,0.807
Brassicales,171,0.931
Brassicales,172,-0.746
Brassicales,173,1.457
Brassicales,174,-0.558
Brassicales,175,2.157
Brassicales,176,4.873
Brassicales,177,-0.746
Brassicales,178,0.264
Brassicales,179,1.597
Brassicales,180,1.119
Brassicales,181,-0.746
Brassicales,182,-0.581
Brassicales,183,-0.554
Brassicales,184,-0.746
Brassicales,185,1.33
Brassicales,186,-0.418
Brassicales,187,-0.172
Brassicales,188,-0.746
Brassicales,189,0.359
Brassicales,190,-0.746
Brassicales,191,0.386
Brassicales,192,-0.451
Brassicales,193,-0.383
Brassicales,194,-0.57
Brassicales,195,0.669
Brassicales,196,-0.392
Brassicales,197,0.22
Brassicales,198,-0.746
Brassicales,199,0.404
Brassicales,200,0.689
Brassicales,201,-0.746
Brassicales,202,-0.037
Brassicales,203,-0.394
Brassicales,204,-0.571
Brassicales,205,-0.746
Brassicales,206,0.903
Brassicales,207,-0.746
Brassicales,208,-0.746
Brassicales,209,0.039
Brassicales,210,0.018
Brassicales,211,-0.088
Brassicales,212,-0.746
Brassicales,213,-0.746
Brassicales,214,-0.746
Brassicales,215,-0.019
Brassicales,216,-0.562
Brassicales,217,-0.398
Brassicales,218,-0.186
Brassicales,219,1.87
Brassicales,220,-0.393
Brassicales,221,5.162
Brassicales,222,-0.387
Brassicales,223,4.154
Brassicales,224,2.644
Brassicales,225,-0.746
Brassicales,226,0.009
Brassicales,227,-0.393
Brassicales,228,0.038
Brassicales,229,-0.746
Brassicales,230,-0.089
Brassicales,231,-0.746
Brassicales,232,-0.746
Brassicales,233,-0.133
Brassicales,234,-0.746
Brassicales,235,-0.095
Brassicales,236,-0.746
Brassicales,237,-0.536
Brassicales,238,-0.746
Brassicales,239,-0.161
Brassicales,240,0.642
Brassicales,241,-0.746
Brassicales,242,1.864
Brassicales,243,0.599
Brassicales,244,-0.062
Brassicales,245,-0.492
Brassicales,246,-0.746
Brassicales,247,0.053
Brassicales,248,1.709
Brassicales,249,-0.746
Brassicales,250,-0.066
Brassicales,251,-0.387
Brassicales,252,-0.571
Brassicales,253,-0.746
Brassicales,254,1.579
Brassicales,255,-0.557
Brassicales,256,-0.746
Brassicales,257,-0.173
Brassicales,258,-0.746
Brassicales,259,-0.03
Brassicales,260,-0.746
Brassicales,261,-0.563
Brassicales,262,-0.746
Brassicales,263,-0.556
Brassicales,264,-0.521
Brassicales,265,-0.746
Brassicales,266,0.031
Brassicales,267,0.339
Brassicales,268,-0.387
Brassicales,269,-0.515
Brassicales,270,0.294
Brassicales,271,0.03
Brassicales,272,3.433
Brassicales,273,-0.746
Brassicales,274,-0.488
Brassicales,275,-0.746
Brassicales,276,0.22
Brassicales,277,-0.583
Brassicales,278,-0.197
Brassicales,279,-0.557
Brassicales,280,-0.746
Brassicales,281,-0.137
Brassicales,282,-0.746
Brassicales,283,-0.746
Brassicales,284,-0.378
Brassicales,285,-0.26
Brassicales,286,-0.746
Brassicales,287,-0.554
Brassicales,288,1.271
Brassicales,289,-0.746
Brassicales,290,-0.567
Brassicales,291,0.823
Brassicales,292,-0.746
Brassicales,293,-0.746
Brassicales,294,-0.746
Brassicales,295,-0.746
Brassicales,296,0.444
Brassicales,297,-0.746
Brassicales,298,-0.04
Brassicales,299,-0.746
Brassicales,300,0.035
Brassicales,301,-0.746
Brassicales,302,-0.043
Brassicales,303,-0.37
Brassicales,304,0.472
Brassicales,305,-0.746
Brassicales,306,-0.234
Brassicales,307,-0.543
Brassicales,308,-0.746
Brassicales,309,2.096
Brassicales,310,-0.393
Brassicales,311,1.261
Brassicales,312,-0.746
Brassicales,313,-0.418
Brassicales,314,1.665
Brassicales,315,-0.347
Brassicales,316,-0.393
Brassicales,317,-0.746
Brassicales,318,-0.746
Brassicales,319,-0.746
Brassicales,320,-0.746
Brassicales,321,-0.746
Brassicales,322,-0.162
Brassicales,323,0.769
Brassicales,324,-0.367
Brassicales,325,-0.384
Brassicales,326,0.086
Brassicales,327,0.061
Brassicales,328,-0.746
Brassicales,329,0.074
Brassicales,330,-0.746
Brassicales,331,-0.746
Brassicales,332,-0.57
Brassicales,333,-0.19
Brassicales,334,2.204
Brassicales,335,0.813
Brassicales,336,-0.746
Brassicales,337,-0.746
Brassicales,338,-0.566
Brassicales,339,0.782
Brassicales,340,1.125
Brassicales,341,-0.567
Brassicales,342,0.329
Brassicales,343,-0.395
Brassicales,344,0.779
Brassicales,345,-0.746
Brassicales,346,3.181
Brassicales,347,-0.543
Brassicales,348,-0.407
Brassicales,349,-0.746
Brassicales,350,-0.239
Brassicales,351,-0.746
Brassicales,352,-0.746
Brassicales,353,0.833
Brassicales,354,0.679
Brassicales,355,-0.387
Brassicales,356,-0.746
Brassicales,357,0.389
Brassicales,358,-0.746
Brassicales,359,-0.309
Brassicales,360,-0.564
Brassicales,361,-0.746
Brassicales,362,-0.274
Brassicales,363,-0.746
Brassicales,364,-0.395
Brassicales,365,-0.578
Brassicales,366,-0.043
Brassicales,367,-0.535
Brassicales,368,2.236
Brassicales,369,-0.746
Brassicales,370,1.208
Brassicales,371,-0.746
Brassicales,372,-0.526
Brassicales,373,-0.746
Brassicales,374,0.473
Brassicales,375,-0.162
Brassicales,376,-0.746
Brassicales,377,-0.583
Brassicales,378,-0.571
Brassicales,379,-0.56
Brassicales,380,0.358
Brassicales,381,-0.746
Brassicales,382,-0.746
Brassicales,383,-0.746
Brassicales,384,1.95
Brassicales,385,-0.746
Brassicales,386,0.665
Brassicales,387,3.197
Brassicales,388,-0.387
Brassicales,389,-0.498
Brassicales,390,-0.746
Brassicales,391,-0.404
Brassicales,392,3.316
Brassicales,393,-0.746
Brassicales,394,1.726
Brassicales,395,-0.54
Brassicales,396,0.407
Brassicales,397,-0.388
Brassicales,398,1.734
Brassicales,399,-0.746
Brassicales,400,-0.746
Brassicales,401,2.816
Brassicales,402,-0.383
Brassicales,403,0.355
Brassicales,404,-0.746
Brassicales,405,1.097
Brassicales,406,1.678
Brassicales,407,-0.561
Brassicales,408,-0.391
Brassicales,409,-0.188
Brassicales,410,7.847
Brassicales,411,2.03
Brassicales,412,-0.746
Brassicales,413,-0.084
Brassicales,414,-0.388
Brassicales,415,2.547
Brassicales,416,-0.746
Brassicales,417,1.833
Brassicales,418,-0.265
Brassicales,419,-0.169
Brassicales,420,-0.388
Brassicales,421,0.173
Brassicales,422,-0.561
Brassicales,423,-0.746
Brassicales,424,-0.516
Brassicales,425,-0.52
Brassicales,426,-0.107
Brassicales,427,-0.375
Brassicales,428,-0.377
Brassicales,429,-0.746
Brassicales,430,-0.225
Brassicales,431,-0.162
Brassicales,432,1.669
Brassicales,433,0.113
Brassicales,434,1.776
Brassicales,435,-0.746
Brassicales,436,0.204
Brassicales,437,0.234
Brassicales,438,-0.151
Brassicales,439,3.15
Brassicales,440,-0.564
Brassicales,441,-0.746
Brassicales,442,0.833
Brassicales,443,-0.567
Brassicales,444,-0.746
Brassicales,445,0.146
Brassicales,446,0.34
Brassicales,447,-0.746
Brassicales,448,-0.746
Brassicales,449,0.722
Brassicales,450,0.968
Brassicales,451,-0.386
Brassicales,452,-0.487
Brassicales,453,-0.746
Brassicales,454,0.678
Brassicales,455,-0.487
Brassicales,456,-0.746
Brassicales,457,0.593
Brassicales,458,-0.36
Brassicales,459,0
Brassicales,460,-0.268
Brassicales,461,0.502
Brassicales,462,-0.377
Brassicales,463,1.357
Brassicales,464,-0.746
Brassicales,465,-0.414
Brassicales,466,-0.387
Brassicales,467,-0.267
Brassicales,468,-0.746
Brassicales,469,3.175
Brassicales,470,-0.746
Brassicales,471,-0.746
Brassicales,472,1.856
Brassicales,473,-0.746
Brassicales,474,-0.746
Brassicales,475,-0.017
Brassicales,476,0.005
Brassicales,477,-0.746
Brassicales,478,0.703
Brassicales,479,0.325
Brassicales,480,-0.38
Brassicales,481,0.624
Brassicales,482,2.312
Brassicales,483,-0.746
Brassicales,484,2.665
Brassicales,485,-0.746
Brassicales,486,1.125
Brassicales,487,1.374
Brassicales,488,-0.746
Brassicales,489,1.902
Brassicales,490,-0.373
Brassicales,491,-0.569
Brassicales,492,-0.385
Brassicales,493,0.642
Brassicales,494,-0.56
Brassicales,495,-0.746
Brassicales,496,1.18
Brassicales,497,-0.746
Brassicales,498,0.44
Brassicales,499,-0.583
Brassicales,500,-0.121
Brassicales,501,-0.746
Brassicales,502,-0.379
Brassicales,503,0.375
Brassicales,504,-0.746
Brassicales,505,-0.522
Brassicales,506,-0.746
Brassicales,507,0.371
Brassicales,508,3.638
Brassicales,509,1.336
Brassicales,510,0.942
Brassicales,511,3.668
Brassicales,512,-0.746
Brassicales,513,1.907
Brassicales,514,-0.381
Brassicales,515,0.047
Brassicales,516,-0.042
Brassicales,517,-0.409
Brassicales,518,-0.746
Brassicales,519,-0.746
Brassicales,520,-0.496
Brassicales,521,0.06
Brassicales,522,0.592
Brassicales,523,-0.746
Brassicales,524,1.505
Brassicales,525,-0.536
Brassicales,526,-0.213
Brassicales,527,0.644
Brassicales,528,-0.746
Brassicales,529,-0.569
Brassicales,530,1.537
Brassicales,531,-0.746
Brassicales,532,0.371
Brassicales,533,-0.029
Brassicales,534,-0.554
Brassicales,535,0.879
Brassicales,536,-0.746
Brassicales,537,0.11
Brassicales,538,-0.746
Brassicales,539,-0.578
Brassicales,540,-0.007
Brassicales,541,-0.107
Brassicales,542,-0.371
Brassicales,543,-0.746
Brassicales,544,1.763
Brassicales,545,0.989
Brassicales,546,0.437
Brassicales,547,-0.415
Brassicales,548,0.381
Brassicales,549,-0.746
Brassicales,550,0.654
Brassicales,551,-0.187
Brassicales,552,-0.746
Brassicales,553,0.269
Brassicales,554,0.598
Brassicales,555,-0.746
Brassicales,556,1.14
Brassicales,557,-0.746
Brassicales,558,1.39
Brassicales,559,-0.385
Brassicales,560,-0.746
Brassicales,561,-0.184
Brassicales,562,-0.373
Brassicales,563,-0.564
Brassicales,564,-0.373
Brassicales,565,-0.746
Brassicales,566,-0.746
Brassicales,567,-0.746
Brassicales,568,1.073
Brassicales,569,-0.584
Brassicales,570,0.323
Brassicales,571,0.067
Brassicales,572,-0.584
Brassicales,573,-0.746
Brassicales,574,-0.011
Brassicales,575,0.884
Brassicales,576,-0.746
Brassicales,577,-0.33
Brassicales,578,-0.364
Brassicales,579,2.845
Brassicales,580,-0.746
Brassicales,581,0.319
Brassicales,582,-0.746
Brassicales,583,1.953
Brassicales,584,-0.746
Brassicales,585,0.427
Brassicales,586,-0.746
Brassicales,587,-0.382
Brassicales,588,-0.746
Brassicales,589,0
Brassicales,590,-0.37
Brassicales,591,-0.094
Brassicales,592,5.622
Brassicales,593,0.788
Brassicales,594,0.393
Brassicales,595,-0.239
Brassicales,596,0.654
Brassicales,597,-0.746
Brassicales,598,0.755
Brassicales,599,0.843
Brassicales,600,0.422
Brassicales,601,-0.01
Brassicales,602,-0.746
Brassicales,603,0.366
Brassicales,604,1.099
Brassicales,605,-0.746
Brassicales,606,-0.746
Brassicales,607,0.007
Brassicales,608,-0.746
Brassicales,609,-0.357
Brassicales,610,-0.746
Brassicales,611,1.845
Brassicales,612,-0.746
Brassicales,613,-0.572
Brassicales,614,-0.364
Brassicales,615,1.34
Brassicales,616,-0.746
Brassicales,617,-0.406
Brassicales,618,0.041
Brassicales,619,-0.746
Brassicales,620,-0.017
Brassicales,621,-0.746
Brassicales,622,-0.204
Brassicales,623,-0.394
Brassicales,624,-0.497
Brassicales,625,-0.746
Brassicales,626,-0.556
Brassicales,627,-0.746
Brassicales,628,1.081
Brassicales,629,-0.561
Brassicales,630,-0.746
Brassicales,631,0.006
Brassicales,632,-0.746
Brassicales,633,-0.746
Brassicales,634,-0.746
Brassicales,635,1.564
Brassicales,636,1.207
Brassicales,637,-0.035
Brassicales,638,-0.746
Brassicales,639,-0.2
Brassicales,640,-0.746
Brassicales,641,-0.424
Brassicales,642,0.819
Brassicales,643,-0.583
Brassicales,644,-0.387
Brassicales,645,1.178
Brassicales,646,-0.129
Brassicales,647,-0.746
Brassicales,648,0.088
Brassicales,649,-0.746
Brassicales,650,0.618
Brassicales,651,2.007
Brassicales,652,3.339
Brassicales,653,-0.396
Brassicales,654,-0.469
Brassicales,655,0.007
Brassicales,656,-0.746
Brassicales,657,0.908
Brassicales,658,-0.746
Brassicales,659,-0.746
Brassicales,660,-0.746
Brassicales,661,-0.746
Brassicales,662,-0.383
Brassicales,663,0.087
Brassicales,664,-0.746
Brassicales,665,-0.746
Brassicales,666,0.706
Brassicales,667,0.038
Brassicales,668,-0.553
Brassicales,669,-0.746
Brassicales,670,1.538
Brassicales,671,0.71
Brassicales,672,-0.349
Brassicales,673,-0.274
Brassicales,674,0.33
Brassicales,675,0.348
Brassicales,676,1.602
Brassicales,677,0.2
Brassicales,678,-0.746
Brassicales,679,-0.746
Brassicales,680,0.364
Brassicales,681,-0.746
Brassicales,682,-0.245
Brassicales,683,-0.746
Brassicales,684,-0.217
Brassicales,685,1.387
Brassicales,686,-0.351
Brassicales,687,-0.746
Brassicales,688,2.81
Brassicales,689,-0.746
Brassicales,690,-0.427
Brassicales,691,2.823
Brassicales,692,-0.406
Brassicales,693,0.821
Brassicales,694,-0.387
Brassicales,695,-0.154
Brassicales,696,1.327
Brassicales,697,-0.554
Brassicales,698,0.144
Brassicales,699,-0.746
Brassicales,700,-0.031
Brassicales,701,-0.407
Brassicales,702,-0.746
Brassicales,703,-0.746
Brassicales,704,-0.394
Brassicales,705,-0.746
Brassicales,706,1.355
Brassicales,707,-0.564
Brassicales,708,-0.321
Brassicales,709,-0.028
Brassicales,710,-0.357
Brassicales,711,-0.746
Brassicales,712,-0.208
Brassicales,713,-0.746
Brassicales,714,-0.746
Brassicales,715,-0.417
Brassicales,716,-0.046
Brassicales,717,-0.387
Brassicales,718,0.288
Brassicales,719,0.02
Brassicales,720,1.145
Brassicales,721,-0.22
Brassicales,722,0.008
Brassicales,723,-0.746
Brassicales,724,-0.746
Brassicales,725,0.232
Brassicales,726,-0.38
Brassicales,727,0.317
Brassicales,728,-0.746
Brassicales,729,0.898
Brassicales,730,-0.571
Brassicales,731,-0.746
Brassicales,732,-0.323
Brassicales,733,-0.393
Brassicales,734,-0.198
Brassicales,735,-0.746
Brassicales,736,-0.539
Brassicales,737,-0.552
Brassicales,738,-0.746
Brassicales,739,-0.497
Brassicales,740,0.97
Brassicales,741,-0.746
Brassicales,742,-0.556
Brassicales,743,-0.746
Brassicales,744,-0.486
Brassicales,745,0.274
Brassicales,746,-0.56
Brassicales,747,0.098
Brassicales,748,0.804
Brassicales,749,0.395
Brassicales,750,-0.203
Brassicales,751,-0.029
Brassicales,752,0.346
Brassicales,753,-0.746
Brassicales,754,-0.746
Brassicales,755,0.418
Brassicales,756,-0.239
Brassicales,757,-0.746
Brassicales,758,-0.746
Brassicales,759,-0.746
